url,type,title,meta_description,h1,has_h1
"https://yourgoalswesupp.com/author/admin/",archive,"admin – SUPP Financial Consultant","","Author name: admin",yes
"https://yourgoalswesupp.com/author/suppfuturesolutions/",archive,"suppfuturesolutions – SUPP Financial Consultant","","Author name: suppfuturesolutions",yes
"https://yourgoalswesupp.com/category/uncategorized/",archive,"Uncategorized – SUPP Financial Consultant","","Uncategorized",yes
"https://yourgoalswesupp.com/",page,"SUPP Financial Consultant – Empowering Your Financial Journey","","",NO
"https://yourgoalswesupp.com/about-supp/",page,"About SUPP – SUPP Financial Consultant","","",NO
"https://yourgoalswesupp.com/blog/",page,"Blog – SUPP Financial Consultant","","",NO
"https://yourgoalswesupp.com/book-a-free-consult/",page,"Book a free consult – SUPP Financial Consultant","","",NO
"https://yourgoalswesupp.com/contact/",page,"Contact – SUPP Financial Consultant","","Contact",yes
"https://yourgoalswesupp.com/join-supp/",page,"Join SUPP – SUPP Financial Consultant","","",NO
"https://yourgoalswesupp.com/services/",page,"Services – SUPP Financial Consultant","","",NO
"https://yourgoalswesupp.com/%e0%b8%81%e0%b8%8e-24-%e0%b8%8a%e0%b8%b1%e0%b9%88%e0%b8%a7%e0%b9%82%e0%b8%a1%e0%b8%87-%e0%b8%81%e0%b9%88%e0%b8%ad%e0%b8%99%e0%b8%8b%e0%b8%b7%e0%b9%89%e0%b8%ad%e0%b8%82%e0%b8%ad%e0%b8%87%e0%b8%9f/",post,"กฎ 24 ชั่วโมงก่อนซื้อของฟุ่มเฟือย – SUPP Financial Consultant","","",NO
"https://yourgoalswesupp.com/%e0%b8%81%e0%b8%b1%e0%b8%9a%e0%b8%94%e0%b8%b1%e0%b8%81-lifestyle-inflation-%e0%b8%97%e0%b8%b5%e0%b9%88%e0%b8%97%e0%b8%b3%e0%b9%83%e0%b8%ab%e0%b9%89%e0%b9%80%e0%b8%87%e0%b8%b4/",post,"Lifestyle Inflation ที่ทำให้เงินเก็บไม่เพิ่ม – SUPP Financial Consultant","","เงินเดือนขึ้นแล้ว… ต้องใช้ชีวิตหรูขึ้นไหม? | เงินเดือนเพิ่มขึ้น = รวยขึ้นจริงหรือ? | Lifestyle Inflation คืออะไร? | แล้วจะวางแผนอย่างไรดี เมื่อเงินเดือนเพิ่มขึ้น?",yes
"https://yourgoalswesupp.com/%e0%b8%81%e0%b8%b2%e0%b8%a3%e0%b8%8b%e0%b8%b7%e0%b9%89%e0%b8%ad%e0%b8%9c%e0%b8%a5%e0%b8%b4%e0%b8%95%e0%b8%a0%e0%b8%b1%e0%b8%93%e0%b8%91%e0%b9%8c%e0%b8%97%e0%b8%b2%e0%b8%87%e0%b8%81%e0%b8%b2%e0%b8%a3/",post,"การซื้อสินค้าการเงิน ≠ การวางแผนการเงิน – SUPP Financial Consultant","","",NO
"https://yourgoalswesupp.com/%e0%b8%84%e0%b8%99%e0%b8%97%e0%b8%b5%e0%b9%88%e0%b9%80%e0%b8%ab%e0%b8%99%e0%b8%b7%e0%b9%88%e0%b8%ad%e0%b8%a2%e0%b8%97%e0%b8%b5%e0%b9%88%e0%b8%aa%e0%b8%b8%e0%b8%94-%e0%b9%81%e0%b8%95%e0%b9%88%e0%b8%a5/",post,"คนที่เหนื่อยที่สุด แต่ลืมวางแผนให้ตัวเองที่สุด – SUPP Financial Consultant","","",NO
"https://yourgoalswesupp.com/%e0%b8%84%e0%b8%b4%e0%b8%94%e0%b8%a7%e0%b9%88%e0%b8%b2%e0%b8%88%e0%b8%b0%e0%b9%84%e0%b8%a1%e0%b9%88%e0%b9%80%e0%b8%81%e0%b8%a9%e0%b8%b5%e0%b8%a2%e0%b8%93%e0%b8%95%e0%b9%89%e0%b8%ad%e0%b8%87/",post,"คิดว่าจะไม่เกษียณ…ต้องวางแผนเกษียณไหม? – SUPP Financial Consultant","","",NO
"https://yourgoalswesupp.com/%e0%b8%87%e0%b8%9a%e0%b8%9b%e0%b8%a3%e0%b8%b0%e0%b8%a1%e0%b8%b2%e0%b8%93%e0%b8%84%e0%b8%b7%e0%b8%ad%e0%b8%ad%e0%b8%b0%e0%b9%84%e0%b8%a3-%e0%b9%81%e0%b8%a5%e0%b8%b0%e0%b8%97%e0%b8%b3%e0%b9%84%e0%b8%a1/",post,"งบประมาณคืออะไร? และทำไมคุณถึงต้องมี? – SUPP Financial Consultant","","",NO
"https://yourgoalswesupp.com/%e0%b8%95%e0%b8%a3%e0%b8%a7%e0%b8%88%e0%b8%aa%e0%b8%b8%e0%b8%82%e0%b8%a0%e0%b8%b2%e0%b8%9e%e0%b8%81%e0%b8%b2%e0%b8%a3%e0%b9%80%e0%b8%87%e0%b8%b4%e0%b8%99%e0%b8%94%e0%b9%89%e0%b8%a7%e0%b8%a2-4/",post,"ตรวจสุขภาพการเงินด้วย 4 คำถามง่ายๆ – SUPP Financial Consultant","","",NO
"https://yourgoalswesupp.com/%e0%b8%97%e0%b8%b3%e0%b9%84%e0%b8%a1%e0%b8%95%e0%b9%89%e0%b8%ad%e0%b8%87%e0%b8%95%e0%b8%b4%e0%b8%94%e0%b8%95%e0%b8%b2%e0%b8%a1%e0%b8%a3%e0%b8%b2%e0%b8%a2%e0%b8%88%e0%b9%88%e0%b8%b2%e0%b8%a2-%e0%b8%9e/",post,"ทำไมต้องติดตามรายจ่าย? พร้อมวิธีบันทึกง่ายๆ – SUPP Financial Consultant","","",NO
"https://yourgoalswesupp.com/%e0%b8%97%e0%b8%b3%e0%b9%84%e0%b8%a1%e0%b8%95%e0%b9%89%e0%b8%ad%e0%b8%87%e0%b8%a1%e0%b8%b5%e0%b8%97%e0%b8%b5%e0%b9%88%e0%b8%9b%e0%b8%a3%e0%b8%b6%e0%b8%81%e0%b8%a9%e0%b8%b2%e0%b8%97%e0%b8%b2%e0%b8%87/",post,"ทำไมต้องมีที่ปรึกษาทางการเงิน? – SUPP Financial Consultant","","",NO
"https://yourgoalswesupp.com/%e0%b8%97%e0%b8%b3%e0%b9%84%e0%b8%a1%e0%b9%80%e0%b8%88%e0%b9%89%e0%b8%b2%e0%b8%82%e0%b8%ad%e0%b8%87%e0%b8%98%e0%b8%b8%e0%b8%a3%e0%b8%81%e0%b8%b4%e0%b8%88%e0%b8%95%e0%b9%89%e0%b8%ad%e0%b8%87%e0%b8%a1/",post,"ทำไมเจ้าของธุรกิจต้องมีแผนการเงิน “ส่วนตัว” – SUPP Financial Consultant","","",NO
"https://yourgoalswesupp.com/%e0%b8%9a%e0%b8%b2%e0%b8%87%e0%b8%84%e0%b8%a3%e0%b8%b1%e0%b9%89%e0%b8%87%e0%b8%aa%e0%b8%b4%e0%b9%88%e0%b8%87%e0%b8%97%e0%b8%b5%e0%b9%88%e0%b9%80%e0%b8%a3%e0%b8%b2%e0%b8%95%e0%b9%89%e0%b8%ad/",post,"บางครั้ง…สิ่งที่เราต้องการ ไม่ใช่คำแนะนำเพิ่ม แต่คือภาพรวมที่ชัดเจนขึ้น – SUPP Financial Consultant","","",NO
"https://yourgoalswesupp.com/%e0%b8%a1%e0%b8%b5%e0%b8%a3%e0%b8%b2%e0%b8%a2%e0%b9%84%e0%b8%94%e0%b9%89%e0%b9%80%e0%b8%a2%e0%b8%ad%e0%b8%b0%e0%b9%81%e0%b8%95%e0%b9%88%e0%b8%97%e0%b8%b3%e0%b9%84%e0%b8%a1%e0%b8%8a%e0%b8%b5/",post,"มีรายได้เยอะ…แต่ทำไมชีวิตยังไม่มั่นคง? – SUPP Financial Consultant","","",NO
"https://yourgoalswesupp.com/%e0%b8%a3%e0%b8%b9%e0%b9%89%e0%b9%84%e0%b8%ab%e0%b8%a1%e0%b8%a7%e0%b9%88%e0%b8%b2%e0%b9%80%e0%b8%87%e0%b8%b4%e0%b8%99%e0%b8%82%e0%b8%ad%e0%b8%87%e0%b9%80%e0%b8%a3%e0%b8%b2%e0%b8%a5%e0%b8%94%e0%b8%a5/",post,"เงินของเราลดลงได้แม้ไม่ใช้สักบาทเดียว! – SUPP Financial Consultant","","",NO
"https://yourgoalswesupp.com/%e0%b8%a7%e0%b8%b2%e0%b8%87%e0%b9%81%e0%b8%9c%e0%b8%99%e0%b8%81%e0%b8%b2%e0%b8%a3%e0%b9%80%e0%b8%87%e0%b8%b4%e0%b8%99%e0%b8%81%e0%b8%b1%e0%b8%9a-supp-%e0%b9%83%e0%b8%99-3-%e0%b8%82%e0%b8%b1%e0%b9%89/",post,"วางแผนการเงินกับ SUPP ง่ายๆ ใน 3 ขั้นตอน – SUPP Financial Consultant","","",NO
"https://yourgoalswesupp.com/%e0%b8%a7%e0%b8%b2%e0%b8%87%e0%b9%81%e0%b8%9c%e0%b8%99%e0%b8%8a%e0%b9%87%e0%b8%ad%e0%b8%9b%e0%b8%9b%e0%b8%b4%e0%b9%89%e0%b8%87%e0%b8%a2%e0%b8%b1%e0%b8%87%e0%b9%84%e0%b8%87%e0%b9%84%e0%b8%a1%e0%b9%88/",post,"วางแผนช็อปปิ้งยังไงไม่ให้เกินงบ? – SUPP Financial Consultant","","",NO
"https://yourgoalswesupp.com/%e0%b8%a7%e0%b8%b4%e0%b8%98%e0%b8%b5%e0%b8%84%e0%b8%b3%e0%b8%99%e0%b8%a7%e0%b8%93%e0%b9%80%e0%b8%9b%e0%b9%89%e0%b8%b2%e0%b8%ab%e0%b8%a1%e0%b8%b2%e0%b8%a2%e0%b9%80%e0%b8%81%e0%b8%a9%e0%b8%b5%e0%b8%a2/",post,"วิธีคำนวณเป้าหมายเกษียณง่ายๆ ที่ทุกคนทำได้ – SUPP Financial Consultant","","",NO
"https://yourgoalswesupp.com/%e0%b8%aa%e0%b8%b2%e0%b9%80%e0%b8%ab%e0%b8%95%e0%b8%b8%e0%b8%ab%e0%b8%a5%e0%b8%b1%e0%b8%81%e0%b9%83%e0%b8%99%e0%b8%81%e0%b8%b2%e0%b8%a3%e0%b8%81%e0%b9%88%e0%b8%ad%e0%b8%ab%e0%b8%99%e0%b8%b5%e0%b9%89/",post,"สาเหตุหลักในการก่อหนี้ที่คุณอาจไม่ทันระวังตัว – SUPP Financial Consultant","","",NO
"https://yourgoalswesupp.com/%e0%b9%80%e0%b8%84%e0%b8%a5%e0%b8%b5%e0%b8%a2%e0%b8%a3%e0%b9%8c%e0%b8%84%e0%b9%88%e0%b8%b2%e0%b9%83%e0%b8%8a%e0%b9%89%e0%b8%88%e0%b9%88%e0%b8%b2%e0%b8%a2%e0%b9%81%e0%b8%9d%e0%b8%87%e0%b8%a3%e0%b8%b2/",post,"ค่าใช้จ่ายแฝงรายเดือน ที่ดูเล็กแต่บานปลาย – SUPP Financial Consultant","","",NO
"https://yourgoalswesupp.com/%e0%b9%80%e0%b8%87%e0%b8%b4%e0%b8%99%e0%b9%80%e0%b8%94%e0%b8%b7%e0%b8%ad%e0%b8%99%e0%b9%80%e0%b8%9e%e0%b8%b4%e0%b9%88%e0%b8%a1-%e0%b9%81%e0%b8%95%e0%b9%88%e0%b8%97%e0%b8%b3%e0%b9%84%e0%b8%a1%e0%b8%8a/",post,"เงินเดือนเพิ่ม แต่ทำไมชีวิตไม่เบาขึ้น? – SUPP Financial Consultant","","",NO
"https://yourgoalswesupp.com/%e0%b9%80%e0%b8%97%e0%b8%84%e0%b8%99%e0%b8%b4%e0%b8%84%e0%b8%a7%e0%b8%b2%e0%b8%87%e0%b9%81%e0%b8%9c%e0%b8%99%e0%b8%81%e0%b8%b2%e0%b8%a3%e0%b9%80%e0%b8%87%e0%b8%b4%e0%b8%99%e0%b8%aa%e0%b8%b3%e0%b8%ab/",post,"เทคนิควางแผนสำหรับคนที่มีรายได้ไม่แน่นอน – SUPP Financial Consultant","","",NO
"https://yourgoalswesupp.com/%e0%b9%80%e0%b8%97%e0%b8%84%e0%b8%99%e0%b8%b4%e0%b8%84%e0%b8%a7%e0%b8%b2%e0%b8%87%e0%b9%81%e0%b8%9c%e0%b8%99%e0%b9%80%e0%b8%81%e0%b8%a9%e0%b8%b5%e0%b8%a2%e0%b8%93%e0%b8%ad%e0%b8%a2%e0%b9%88%e0%b8%b2/",post,"เทคนิควางแผนเกษียณอย่างไรให้มั่นคง – SUPP Financial Consultant","","",NO
"https://yourgoalswesupp.com/%e0%b9%80%e0%b8%9b%e0%b9%89%e0%b8%b2%e0%b8%ab%e0%b8%a1%e0%b8%b2%e0%b8%a2%e0%b9%84%e0%b8%a1%e0%b9%88%e0%b9%83%e0%b8%8a%e0%b9%88-%e0%b9%80%e0%b8%87%e0%b8%b4%e0%b8%99-%e0%b9%81%e0%b8%95/",post,"เป้าหมายไม่ใช่ “เงิน” แต่คือ “การได้ใช้ชีวิต” – SUPP Financial Consultant","","ติดต่อ SUPP เพื่อเริ่มวางแผนชีวิตของคุณวันนี้",yes
"https://yourgoalswesupp.com/%e0%b9%80%e0%b8%9e%e0%b8%a3%e0%b8%b2%e0%b8%b0%e0%b9%80%e0%b8%9b%e0%b9%89%e0%b8%b2%e0%b8%ab%e0%b8%a1%e0%b8%b2%e0%b8%a2%e0%b8%8a%e0%b8%b5%e0%b8%a7%e0%b8%b4%e0%b8%95%e0%b9%84%e0%b8%a1%e0%b9%88%e0%b9%83/",post,"เพราะเป้าหมายชีวิตไม่ใช่แค่ตัวเลข – SUPP Financial Consultant","","",NO
"https://yourgoalswesupp.com/%e0%b9%80%e0%b8%ab%e0%b8%95%e0%b8%b8%e0%b8%9c%e0%b8%a5%e0%b8%97%e0%b8%b5%e0%b9%88%e0%b8%84%e0%b8%a7%e0%b8%a3%e0%b9%80%e0%b8%a3%e0%b8%b4%e0%b9%88%e0%b8%a1%e0%b8%a7%e0%b8%b2%e0%b8%87%e0%b9%81%e0%b8%9c/",post,"เหตุผลที่ควรเริ่มวางแผนเร็วขึ้นในช่วงวิกฤต – SUPP Financial Consultant","","",NO
"https://yourgoalswesupp.com/%e0%b9%80%e0%b8%ae%e0%b8%87%e0%b9%81%e0%b8%9a%e0%b8%9a%e0%b9%84%e0%b8%a1%e0%b9%88%e0%b8%95%e0%b9%89%e0%b8%ad%e0%b8%87%e0%b9%83%e0%b8%8a%e0%b9%89%e0%b9%80%e0%b8%a2%e0%b8%ad%e0%b8%b0-%e0%b8%81%e0%b9%87/",post,"เฮงแบบไม่ต้องใช้เยอะ ก็มั่นคงได้ – SUPP Financial Consultant","","",NO
"https://yourgoalswesupp.com/%f0%9d%97%9b%f0%9d%97%b6-%f0%9d%97%9b%f0%9d%97%98%f0%9d%97%a1%f0%9d%97%a5%f0%9d%97%ac-%e0%b8%84%e0%b8%b8%e0%b8%93%e0%b8%81%e0%b8%b3%e0%b8%a5%e0%b8%b1%e0%b8%87%e0%b9%80%e0%b8%9b%e0%b9%87%e0%b8%99/",post,"คุณกำลังเป็น “𝗛𝗘𝗡𝗥𝗬” อยู่หรือเปล่า? – SUPP Financial Consultant","","",NO
"https://yourgoalswesupp.com/3-%e0%b8%a7%e0%b8%b4%e0%b8%98%e0%b8%b5%e0%b8%9b%e0%b9%89%e0%b8%ad%e0%b8%87%e0%b8%81%e0%b8%b1%e0%b8%99%e0%b8%95%e0%b8%b1%e0%b8%a7%e0%b9%80%e0%b8%ad%e0%b8%87%e0%b8%88%e0%b8%b2%e0%b8%81%e0%b8%9b%e0%b8%b1/",post,"3 วิธีป้องกันตัวเองจากปัญหาการเงิน – SUPP Financial Consultant","","",NO
"https://yourgoalswesupp.com/3-%e0%b8%a7%e0%b8%b4%e0%b8%98%e0%b8%b5%e0%b8%a5%e0%b8%94%e0%b8%a3%e0%b8%b2%e0%b8%a2%e0%b8%88%e0%b9%88%e0%b8%b2%e0%b8%a2%e0%b9%82%e0%b8%94%e0%b8%a2%e0%b9%84%e0%b8%a1%e0%b9%88%e0%b8%95%e0%b8%b1%e0%b8%94/",post,"3 วิธีลดรายจ่ายโดยไม่ตัดความสุขออกจากชีวิต – SUPP Financial Consultant","","",NO
"https://yourgoalswesupp.com/4-%e0%b9%80%e0%b8%ab%e0%b8%95%e0%b8%b8%e0%b8%9c%e0%b8%a5%e0%b8%97%e0%b8%b5%e0%b9%88%e0%b8%95%e0%b9%89%e0%b8%ad%e0%b8%87%e0%b8%a7%e0%b8%b2%e0%b8%87%e0%b9%81%e0%b8%9c%e0%b8%99%e0%b8%81%e0%b8%b2%e0%b8%a3/",post,"4 เหตุผลที่ต้องวางแผนก่อนซื้อผลิตภัณฑ์ – SUPP Financial Consultant","","",NO
"https://yourgoalswesupp.com/5-%e0%b8%9e%e0%b8%a4%e0%b8%95%e0%b8%b4%e0%b8%81%e0%b8%a3%e0%b8%a3%e0%b8%a1%e0%b8%97%e0%b8%b2%e0%b8%87%e0%b8%81%e0%b8%b2%e0%b8%a3%e0%b9%80%e0%b8%87%e0%b8%b4%e0%b8%99%e0%b8%97%e0%b8%b5%e0%b9%88%e0%b8%84/",post,"5 พฤติกรรมทางการเงินที่ควรเริ่มตั้งแต่วันนี้ – SUPP Financial Consultant","","",NO
"https://yourgoalswesupp.com/5-%e0%b8%aa%e0%b8%b1%e0%b8%8d%e0%b8%8d%e0%b8%b2%e0%b8%93%e0%b8%97%e0%b8%b5%e0%b9%88%e0%b8%9a%e0%b8%ad%e0%b8%81%e0%b8%a7%e0%b9%88%e0%b8%b2%e0%b8%84%e0%b8%b8%e0%b8%93%e0%b8%81%e0%b8%b3%e0%b8%a5/",post,"5 สัญญาณว่า…คุณต้องการที่ปรึกษาการเงิน – SUPP Financial Consultant","","",NO
"https://yourgoalswesupp.com/5-%e0%b8%aa%e0%b8%b1%e0%b8%8d%e0%b8%8d%e0%b8%b2%e0%b8%93%e0%b8%a7%e0%b9%88%e0%b8%b2-%e0%b8%84%e0%b8%b8%e0%b8%93%e0%b8%81%e0%b8%b3%e0%b8%a5%e0%b8%b1%e0%b8%87%e0%b8%ab%e0%b8%b2%e0%b9%80/",post,"5 สัญญาณว่า “คุณกำลังหาเงินเก่ง แต่บริหารเงินไม่ทัน” – SUPP Financial Consultant","","",NO
"https://yourgoalswesupp.com/gen-z-%e0%b9%84%e0%b8%a1%e0%b9%88%e0%b8%81%e0%b8%a5%e0%b8%b1%e0%b8%a7%e0%b8%84%e0%b8%a7%e0%b8%b2%e0%b8%a1%e0%b8%88%e0%b8%99-%e0%b9%81%e0%b8%95%e0%b9%88%e0%b8%81%e0%b8%a5%e0%b8%b1%e0%b8%a7%e0%b9%84/",post,"Gen Z ไม่กลัวความจน แต่กลัวไม่มีอิสระ – SUPP Financial Consultant","","",NO
"https://yourgoalswesupp.com/gen-z-money-confidence-%e0%b9%83%e0%b8%8a%e0%b9%89%e0%b9%80%e0%b8%87%e0%b8%b4%e0%b8%99%e0%b8%ad%e0%b8%a2%e0%b9%88%e0%b8%b2%e0%b8%87%e0%b9%84%e0%b8%a3%e0%b9%83%e0%b8%ab%e0%b9%89%e0%b9%84%e0%b8%a1/",post,"Gen Z Money: ใช้เงินอย่างไรให้ไม่รู้สึกผิด – SUPP Financial Consultant","","",NO
"https://yourgoalswesupp.com/new-year-new-plan-%e0%b9%80%e0%b8%a3%e0%b8%b4%e0%b9%88%e0%b8%a1%e0%b8%95%e0%b9%89%e0%b8%99%e0%b8%9b%e0%b8%b5%e0%b9%83%e0%b8%ab%e0%b8%a1%e0%b9%88%e0%b8%94%e0%b9%89%e0%b8%a7%e0%b8%a2-%e0%b9%81/",post,"เริ่มปีใหม่ด้วย “แผนชีวิตและการเงิน” – SUPP Financial Consultant","","",NO